{
    "r2": 0.9904740104351061,
    "mae": 2.149639830508475,
    "mse": 29.098521186440678,
    "rmse": 5.3943045136922585
}