{
    "r2": 0.9840169184084014,
    "mae": 3.630142789344393,
    "mse": 48.822648308550754,
    "rmse": 6.987320538557735
}