{
    "r2": 0.38288986309581174,
    "mae": 24.175648157359202,
    "mse": 1885.0527045768174,
    "rmse": 43.417193651557184
}