{
    "r2": -0.3311469072725637,
    "mae": 33.30030389198025,
    "mse": 4066.181914190141,
    "rmse": 63.766620689747555
}