{
    "r2": -0.3310726162951976,
    "mae": 33.300264966847735,
    "mse": 4065.9549815902133,
    "rmse": 63.76484126531025
}