{
    "r2": 0.878599500427161,
    "mae": 10.331383564984908,
    "mse": 370.8354900873838,
    "rmse": 19.257089346196217
}