{
    "r2": 0.9910202213517826,
    "mae": 0.03782128772217957,
    "mse": 0.008979778648217461,
    "rmse": 0.09476169399191564
}