{
    "r2": 0.8782184751758388,
    "mae": 10.269210576530385,
    "mse": 371.9993871578807,
    "rmse": 19.287285634787512
}