{
    "r2": 0.825661643186938,
    "mae": 0.24681959324800531,
    "mse": 0.174338356813062,
    "rmse": 0.417538449502632
}