{
    "r2": 0.9910075032611119,
    "mae": 2.1125317796610172,
    "mse": 27.468889724576275,
    "rmse": 5.241077153083732
}