{
    "r2": -1.5872378369078745e+46,
    "mae": 6.914188800947246e+24,
    "mse": 4.848448920770824e+49,
    "rmse": 6.963080439554626e+24
}