{
    "r2": 0.6414704252878013,
    "mae": 18.287367826897643,
    "mse": 1095.1807531026468,
    "rmse": 33.09351527267309
}