{
    "r2": 0.8893447222433525,
    "mae": 0.17749929325897312,
    "mse": 0.11065527775664753,
    "rmse": 0.33264888058829767
}