{
    "r2": 0.8284187067051767,
    "mae": 0.2457676584981357,
    "mse": 0.1715812932948234,
    "rmse": 0.4142237237228493
}