{
    "r2": 0.269292561700066,
    "mae": 29.632121150676184,
    "mse": 2232.0521904431876,
    "rmse": 47.244599590251454
}