{
    "r2": 0.9910598698053324,
    "mae": 0.038292980482884,
    "mse": 0.008940130194667502,
    "rmse": 0.09455226171101092
}