{
    "r2": -0.32785841398119464,
    "mae": 33.297982381587296,
    "mse": 4056.1367329458726,
    "rmse": 63.68780678391958
}