{
    "r2": 0.874313727198533,
    "mae": 10.512494203746641,
    "mse": 383.92700800727556,
    "rmse": 19.59405542523741
}