{
    "r2": -1.1260217091752417e+44,
    "mae": 3.516078905500001e+23,
    "mse": 3.4395971502612896e+47,
    "rmse": 5.864807882839207e+23
}