{
    "r2": 0.6414580353396802,
    "mae": 18.29497832175583,
    "mse": 1095.2186000019583,
    "rmse": 33.09408708518726
}