{
    "r2": 0.9837834354599186,
    "mae": 3.6270650786089984,
    "mse": 49.53585594717099,
    "rmse": 7.0381713496597245
}