{
    "r2": 0.914872235137443,
    "mae": 8.461704524518675,
    "mse": 260.03514412153766,
    "rmse": 16.125605232720343
}