{
    "r2": 0.1671406399580163,
    "mae": 34.08170245080242,
    "mse": 2544.0900988197714,
    "rmse": 50.43897400641464
}