{
    "r2": 0.9924987631583552,
    "mae": 1.9562394067796613,
    "mse": 22.913619385593222,
    "rmse": 4.786817250072664
}