{
    "r2": 0.3852098693404624,
    "mae": 23.9690840028295,
    "mse": 1877.9659079345631,
    "rmse": 43.335504011544195
}