{
    "r2": 0.9915979983186355,
    "mae": 0.03794318800491345,
    "mse": 0.008402001681364516,
    "rmse": 0.0916624333157511
}