{
    "r2": 0.991619077112054,
    "mae": 2.119692796610169,
    "mse": 25.600748411016948,
    "rmse": 5.059718214586357
}