{
    "r2": 0.6414393791956364,
    "mae": 18.332233640063176,
    "mse": 1095.2755879084655,
    "rmse": 33.0949480723035
}