{
    "r2": 0.9912601698585367,
    "mae": 0.038510522654115,
    "mse": 0.008739830141463267,
    "rmse": 0.09348705868441506
}