{
    "r2": 0.9840169184084014,
    "mae": 3.6301427893443945,
    "mse": 48.822648308550804,
    "rmse": 6.987320538557738
}