{
    "r2": 0.09500745670796995,
    "mae": 35.52453976485226,
    "mse": 2764.431402654724,
    "rmse": 52.577860384906536
}