{
    "r2": 0.9923480345179612,
    "mae": 1.9426694915254237,
    "mse": 23.374041949152545,
    "rmse": 4.834670821178268
}