{
    "r2": -0.32815724081447417,
    "mae": 33.29766949152542,
    "mse": 4057.0495429883385,
    "rmse": 63.694972666516925
}