{
    "r2": 0.9919243883449995,
    "mae": 1.9777436440677967,
    "mse": 24.668130826271188,
    "rmse": 4.966702208334136
}