{
    "r2": 0.6414636131243842,
    "mae": 18.334057591451653,
    "mse": 1095.201561846995,
    "rmse": 33.09382966425909
}