{
    "r2": 0.16714063995801642,
    "mae": 0.6166530332664925,
    "mse": 0.8328593600419838,
    "rmse": 0.9126112863875746
}