{
    "r2": 0.9913423671479631,
    "mae": 2.137425847457627,
    "mse": 26.445999258474576,
    "rmse": 5.142567380061692
}