{
    "r2": 0.6414695864300182,
    "mae": 18.36679892436203,
    "mse": 1095.1833155158015,
    "rmse": 33.09355398738252
}