{
    "r2": 0.8329901732009523,
    "mae": 13.220309721959712,
    "mse": 510.1558163957526,
    "rmse": 22.586629150799652
}