{
    "r2": 0.8252631734227223,
    "mae": 0.245986295511883,
    "mse": 0.17473682657727774,
    "rmse": 0.4180153425142165
}