{
    "r2": 0.9915482792077523,
    "mae": 2.1095868644067797,
    "mse": 25.817010911016947,
    "rmse": 5.081044273672189
}