{
    "r2": 0.828692318023815,
    "mae": 13.496958306669685,
    "mse": 523.2842403853263,
    "rmse": 22.875406890049547
}