{
    "r2": 0.9920668429802701,
    "mae": 0.038209988623727126,
    "mse": 0.007933157019729872,
    "rmse": 0.08906827167813391
}