{
    "r2": 0.99136981728044,
    "mae": 0.03854751440657982,
    "mse": 0.008630182719559936,
    "rmse": 0.09289877673877055
}