{
    "r2": 0.9913258767396179,
    "mae": 2.1300635593220503,
    "mse": 26.496371610169547,
    "rmse": 5.147462638054748
}