{
    "r2": 0.9900300915485585,
    "mae": 0.03959190849559995,
    "mse": 0.009969908451441488,
    "rmse": 0.09984942889892505
}