{
    "r2": -1.4400215204940304e+46,
    "mae": 5.865919123140686e+24,
    "mse": 4.3987552618626736e+49,
    "rmse": 6.632311257670793e+24
}