{
    "r2": 0.8869483731562128,
    "mae": 10.433029539633404,
    "mse": 345.3326435501045,
    "rmse": 18.58312792696925
}