{
    "r2": 0.3744288931583727,
    "mae": 26.5665186320456,
    "mse": 1910.8979683476005,
    "rmse": 43.713818963202016
}