{
    "r2": -0.33544031061760093,
    "mae": 33.30270601119077,
    "mse": 4079.296739410811,
    "rmse": 63.86937246764533
}