{
    "r2": 0.8893447231730487,
    "mae": 9.810181302222652,
    "mse": 338.0126437474589,
    "rmse": 18.385120172233275
}