{
    "r2": 0.992471623021904,
    "mae": 1.9627754237288138,
    "mse": 22.996522881355933,
    "rmse": 4.795468994932189
}