{
    "r2": 0.9915043128657172,
    "mae": 2.0829661016949155,
    "mse": 25.951312499999997,
    "rmse": 5.094243074294747
}