{
    "r2": 0.8894227237025792,
    "mae": 9.800008745406014,
    "mse": 337.7743797806935,
    "rmse": 18.378639225489287
}