{
    "r2": 0.9911008314851386,
    "mae": 2.1084745762712025,
    "mse": 27.183805084745792,
    "rmse": 5.213809076361139
}