{
    "r2": 0.9840169184084014,
    "mae": 3.630142789344393,
    "mse": 48.82264830855077,
    "rmse": 6.987320538557736
}