{
    "r2": 0.9904087816047258,
    "mae": 0.03923214932784609,
    "mse": 0.009591218395274199,
    "rmse": 0.09793476601939782
}