{
    "r2": 0.9912622138070504,
    "mae": 2.111302966101695,
    "mse": 26.690839300847454,
    "rmse": 5.1663177700222285
}