{
    "r2": 0.5708913782863165,
    "mae": 21.683136574685225,
    "mse": 1310.7747216348141,
    "rmse": 36.20462293181375
}