{
    "r2": 0.99056801136334,
    "mae": 0.0387081314457795,
    "mse": 0.009431988636659937,
    "rmse": 0.09711842583495646
}