{
    "r2": 0.9922038934405009,
    "mae": 1.9698411016949153,
    "mse": 23.814341843220337,
    "rmse": 4.879994041309921
}