{
    "r2": 0.6414303756051061,
    "mae": 18.396629925720337,
    "mse": 1095.3030906857903,
    "rmse": 33.095363582921856
}