{
    "r2": 0.9923663114175546,
    "mae": 1.9303389830508475,
    "mse": 23.3182125,
    "rmse": 4.828893506798426
}