{
    "r2": 0.878849418254196,
    "mae": 10.28058863386371,
    "mse": 370.0720797209004,
    "rmse": 19.23725759355788
}