{
    "r2": 0.8894227237025792,
    "mae": 0.1773152361627549,
    "mse": 0.11057727629742074,
    "rmse": 0.332531616989153
}