{
    "r2": 0.641502637094403,
    "mae": 18.35891332680147,
    "mse": 1095.0823574524657,
    "rmse": 33.09202860890316
}