{
    "r2": 0.8372693176131338,
    "mae": 0.23515205337870454,
    "mse": 0.1627306823868662,
    "rmse": 0.40339891222816426
}