{
    "r2": 0.8313383136504541,
    "mae": 0.24246219363673793,
    "mse": 0.16866168634954593,
    "rmse": 0.4106844121092812
}