{
    "r2": 0.8256929540948075,
    "mae": 13.637084232676003,
    "mse": 532.4462339230596,
    "rmse": 23.074796508811506
}