{
    "r2": 0.8222462474240692,
    "mae": 0.2503750404745639,
    "mse": 0.17775375257593085,
    "rmse": 0.42160853000850307
}