{
    "r2": 0.9914200858808666,
    "mae": 2.118675847457627,
    "mse": 26.208596080508478,
    "rmse": 5.119433179611633
}