{
    "r2": 0.9910839319333644,
    "mae": 0.038015829840064554,
    "mse": 0.008916068066635554,
    "rmse": 0.09442493350082674
}