{
    "r2": -2.4830919419362116e+46,
    "mae": 7.098312358599984e+24,
    "mse": 7.584965634078518e+49,
    "rmse": 8.709170818211409e+24
}