{
    "r2": 0.8894227237025792,
    "mae": 9.800008745406018,
    "mse": 337.77437978069344,
    "rmse": 18.378639225489287
}