{
    "r2": -1.4710981893313513e+46,
    "mae": 5.886643641218573e+24,
    "mse": 4.4936834685761626e+49,
    "rmse": 6.703494214643706e+24
}