{
    "r2": 0.6414526444427451,
    "mae": 18.293680567088494,
    "mse": 1095.235067281038,
    "rmse": 33.09433587913554
}