{
    "r2": 0.9913150938786398,
    "mae": 2.1187394067796763,
    "mse": 26.52930942796615,
    "rmse": 5.150661067083152
}