{
    "r2": 0.9837834354599186,
    "mae": 3.627065078609,
    "mse": 49.535855947170994,
    "rmse": 7.038171349659725
}