{
    "r2": 0.8300468776846395,
    "mae": 13.369575126448053,
    "mse": 519.146540808785,
    "rmse": 22.784787486583784
}