{
    "r2": 0.9907659944398719,
    "mae": 2.1340466101694915,
    "mse": 28.206613559322037,
    "rmse": 5.310989885070582
}