{
    "r2": 0.9916939339216974,
    "mae": 0.03786134614842381,
    "mse": 0.008306066078302685,
    "rmse": 0.0911376216405864
}