{
    "r2": 0.9840169184084014,
    "mae": 0.06568153587606367,
    "mse": 0.01598308159159856,
    "rmse": 0.12642421283756747
}