{
    "r2": 0.88942272370258,
    "mae": 9.800008745190121,
    "mse": 337.7743797806913,
    "rmse": 18.378639225489227
}