{
    "r2": 0.9923052503847322,
    "mae": 1.9333368644067799,
    "mse": 23.504732309322034,
    "rmse": 4.848167933283874
}