{
    "r2": 0.9913871232013194,
    "mae": 2.1502754237288135,
    "mse": 26.309285381355924,
    "rmse": 5.129257780747222
}