{
    "r2": -0.3279086151259196,
    "mae": 33.298988633921184,
    "mse": 4056.290079646855,
    "rmse": 63.689010666259016
}