{
    "r2": 0.9840169184084014,
    "mae": 0.06568153587606368,
    "mse": 0.015983081591598558,
    "rmse": 0.12642421283756747
}