{
    "r2": 0.8339112747776415,
    "mae": 0.24302937775372532,
    "mse": 0.16608872522235854,
    "rmse": 0.4075398449505993
}