{
    "r2": 0.8300069112331452,
    "mae": 0.24101562396180884,
    "mse": 0.1699930887668548,
    "rmse": 0.4123021813753291
}