{
    "r2": 0.9918465354735315,
    "mae": 2.1252860169491523,
    "mse": 24.90594375,
    "rmse": 4.990585511741082
}