{
    "r2": 0.991246556840308,
    "mae": 0.03845896420119764,
    "mse": 0.008753443159691992,
    "rmse": 0.0935598373218551
}