{
    "r2": -3.7584786677877675e+46,
    "mae": 8.494143249962904e+24,
    "mse": 1.1480819960842102e+50,
    "rmse": 1.0714858823541308e+25
}