{
    "r2": 0.8333994153387301,
    "mae": 0.24007486625109273,
    "mse": 0.16660058466126992,
    "rmse": 0.4081673488426897
}