{
    "r2": 0.9913546345497032,
    "mae": 0.03780518768483734,
    "mse": 0.008645365450296868,
    "rmse": 0.0929804573568923
}