{
    "r2": -1.0552607731294129e+46,
    "mae": 5.12080781418564e+24,
    "mse": 3.223447575177764e+49,
    "rmse": 5.677541347430034e+24
}