{
    "r2": 0.991032509214162,
    "mae": 2.1521927966101844,
    "mse": 27.3925054025424,
    "rmse": 5.233784997737526
}