{
    "r2": 0.9840169184084014,
    "mae": 0.06568153587606367,
    "mse": 0.015983081591598565,
    "rmse": 0.1264242128375675
}