{
    "r2": 0.38567417589637953,
    "mae": 23.921720825969423,
    "mse": 1876.5476160014973,
    "rmse": 43.319136833523096
}