{
    "r2": 0.9077060680123552,
    "mae": 10.05436730417379,
    "mse": 281.92524430424396,
    "rmse": 16.790629657765784
}