{
    "r2": 0.9910569490317248,
    "mae": 2.1279237288135593,
    "mse": 27.31785042372882,
    "rmse": 5.2266481059785175
}