{
    "r2": 0.9920082382992211,
    "mae": 1.968898305084746,
    "mse": 24.411998940677964,
    "rmse": 4.940850022078991
}