{
    "r2": -2.935088961930101e+45,
    "mae": 2.8423682742803724e+24,
    "mse": 8.965656298591828e+48,
    "rmse": 2.9942705787206053e+24
}