{
    "r2": 0.9910913426729022,
    "mae": 2.116313559322034,
    "mse": 27.212790042372887,
    "rmse": 5.216587969388889
}