{
    "r2": 0.8794374726255142,
    "mae": 10.23270330501076,
    "mse": 368.27578208000864,
    "rmse": 19.190512814409328
}