{
    "r2": 0.9921019131750293,
    "mae": 1.9791419491525424,
    "mse": 24.125855402542374,
    "rmse": 4.911807753011347
}