{
    "r2": 0.9837834354599186,
    "mae": 3.6270650786090006,
    "mse": 49.53585594717098,
    "rmse": 7.038171349659724
}