{
    "r2": 0.9917471004769168,
    "mae": 2.0795338983050846,
    "mse": 25.209682415254242,
    "rmse": 5.020924458230201
}