{
    "r2": 0.8320027195580234,
    "mae": 0.23971738749424965,
    "mse": 0.16799728044197665,
    "rmse": 0.40987471310386625
}