{
    "r2": -0.33534326816354043,
    "mae": 33.29914148023129,
    "mse": 4079.0003091149106,
    "rmse": 63.86705182733043
}