{
    "r2": 0.8867888613851443,
    "mae": 10.239282322438486,
    "mse": 345.81989546428105,
    "rmse": 18.59623336765489
}