{
    "r2": 0.9919633954788823,
    "mae": 0.037943763006247036,
    "mse": 0.008036604521117655,
    "rmse": 0.08964711105840308
}