{
    "r2": 0.8357093228888051,
    "mae": 0.23699241982918617,
    "mse": 0.164290677111195,
    "rmse": 0.4053278637241646
}