{
    "r2": 0.8271416929331532,
    "mae": 0.2461316227932665,
    "mse": 0.17285830706684685,
    "rmse": 0.4157623204029519
}