{
    "r2": 0.8784456873519547,
    "mae": 10.376360038107197,
    "mse": 371.3053345058717,
    "rmse": 19.269284742975586
}