{
    "r2": -0.3596321721634044,
    "mae": 33.29833180394785,
    "mse": 4153.194300491946,
    "rmse": 64.44528144474152
}