{
    "r2": 0.38509441970878033,
    "mae": 24.000785968745106,
    "mse": 1878.3185656328087,
    "rmse": 43.33957274400393
}