{
    "r2": 0.8302542136793332,
    "mae": 0.242598308062283,
    "mse": 0.16974578632066684,
    "rmse": 0.41200216785918353
}