{
    "r2": 0.8893447222433525,
    "mae": 9.81018136898664,
    "mse": 338.01264658735136,
    "rmse": 18.385120249466723
}