{
    "r2": 0.9908149510971671,
    "mae": 0.03859849785816355,
    "mse": 0.009185048902832855,
    "rmse": 0.09583866079423718
}