{
    "r2": 0.6414719476683758,
    "mae": 18.336507135107876,
    "mse": 1095.176102769671,
    "rmse": 33.09344501211186
}