{
    "r2": 0.8312608566388856,
    "mae": 0.2418773631150784,
    "mse": 0.16873914336111442,
    "rmse": 0.4107787036362942
}